order_value,distance_km,delivery_time_mins,rating,discount_pct,delivery_speed_kmph,speed_band
537.5668266232669,16.420160652188265,18.44909043283903,1.7370889173392272,26.75337521385024,53.40152907363073,Fast
728.0496606787028,13.50249555062279,36.354518327008364,2.215672116047754,29.75994563943608,22.284705459444744,Normal
642.9799831716355,12.604264926656999,28.47011676864384,2.790062896882396,7.981255348918017,26.563146956683305,Normal
257.6450329934143,4.63380092161305,31.731398809020984,4.7119863131603505,13.588148131148102,8.761922440612414,Slow
310.1163994378578,11.913500216898314,38.01368310763296,2.1136715915183277,28.28337820690457,18.804018831586685,Normal
711.4874117773833,1.754041950721,16.134940039871406,4.594342652172405,28.37215139878161,6.522646925442109,Slow
103.68571319590231,16.231623696745594,23.726959409472848,3.721848720426277,11.186215286186847,41.046027221503685,Fast
674.8598928679364,19.241347423497345,31.402678747720564,4.413971660079743,28.206283634529193,36.76376957152553,Fast
657.9486001264323,17.22617235549506,33.13675829332458,2.613013578752097,12.176734658363591,31.191051707007713,Fast
427.55446699060457,1.9634832733551628,28.791051160821702,1.0131069676545805,11.242982969259236,4.091861590716144,Slow
312.12269877351946,7.434541584224151,38.23343386158279,4.147869448262686,22.698581858194395,11.667079045747595,Slow
294.89792847054133,7.042060759383363,31.683159510637097,1.9819034048766357,14.13635489823059,13.335906269737599,Slow
278.4087113578872,3.1416228427345296,20.292942889377123,1.5699208230500283,13.445953685406074,9.288813928646382,Slow
411.5534141178526,12.9056245672343,22.553889792074838,4.197966393137834,11.583569810349744,34.33276836823734,Fast
453.1837812705673,16.151705331960333,36.44376848395698,3.745314599991298,12.984117957227694,26.59171540792307,Normal
487.4481464521447,6.960707968042634,33.710651651648476,1.8496608033716546,4.194529392313844,12.38903603520625,Slow
796.8501984040748,17.39337546345596,14.807510087947191,2.070327258882122,1.831114423582717,70.4779211095601,Fast
654.8633434496271,16.145411344076464,40.78169843089927,4.756879325731829,22.619794340563434,23.75390721614992,Normal
535.5254606088139,3.453620888012171,34.7842162487511,2.0741519003690683,16.934998487427677,5.957220706048544,Slow
792.2721033773195,15.57032397802495,40.74674390157199,3.809623512175426,20.156719438745956,22.92746239891466,Normal
250.71608876491928,17.76979367813645,26.930392951399327,1.5182129865727618,24.07006356427979,39.59049623272529,Fast
212.14842370049118,4.748368826803183,27.634350229341393,4.260143476831329,6.903184874731942,10.309709736025917,Slow
528.7777229911215,11.899182410471939,28.791051160821702,2.861172354969503,7.013187847351188,24.7976685755693,Normal
130.75940557296835,13.136249354419954,50.2954365610551,3.0641645071230434,8.33725898644631,15.670904065191058,Normal
124.9761951415173,12.577350892359396,28.791051160821702,1.1408705062689188,9.11774973454847,26.21095872207905,Normal
460.4221741899592,2.828667874932826,28.791051160821702,2.861172354969503,22.82072753545202,5.894889754040009,Slow
426.34421772770236,13.562637759284035,24.821660388901762,4.386486455938844,11.225447587353827,32.784199477682364,Fast
742.0174412349966,13.007139768910854,31.310729538664805,1.3375940476581816,9.695665886386006,24.925269951660514,Normal
540.4583781437073,16.65382429103827,16.62918010743936,2.0970263175621637,19.089047098379197,60.088919057126155,Fast
459.8823526196597,16.266741283476236,26.937062809865846,4.058772253570925,5.597115041102974,36.23277281185636,Fast
447.81140477545296,7.216195950720458,37.87003926720022,3.4323932778289454,3.1926045025853202,11.43309501181929,Slow
273.26044541913154,14.718899325604523,19.986049475404027,2.251187626188272,20.91399714577901,44.18751993099519,Fast
108.2558178797541,17.478194363874763,38.577820359476895,3.5156155178164608,22.693359960044948,27.183797634509638,Normal
234.68150078971743,17.966007405625,32.6979025267877,2.8188412816893447,8.890938088106509,32.9672658194018,Fast
584.4224846172874,4.068734211992986,21.648392600125952,4.449425062821792,19.081235305558945,11.27677501183893,Slow
240.42470679089664,1.507344651639408,25.987221828594613,2.171759609991503,1.022297036777865,3.480198064067378,Slow
358.6754174215447,13.365341425022343,26.327474586356693,2.861172354969503,12.129569417386755,30.459453407540586,Normal
102.61396943645316,5.078849182131504,29.603845296459983,3.5426966202792856,17.338750885676298,10.293627326998964,Slow
681.0334108612219,11.710484761074316,25.710848272455262,3.9617146432411166,7.602555811890271,27.328117618632007,Normal
208.1227567430079,18.951286066329978,23.38169679356371,2.5130464547971467,10.446447057161638,48.631079857848576,Fast
287.3195131946498,8.207072860798785,27.56329837988146,3.899684075721658,18.286486914325934,17.865219352969355,Normal
716.2325077865801,5.802716457301828,21.784882091127606,3.793704386956883,17.696935332512464,15.981862375096675,Normal
456.8535669078962,9.67369094927552,19.683787418855385,2.549955568410714,4.62572212398729,29.487285378856356,Normal
693.0051724561085,13.487634352143939,29.61458813994113,1.1058089212715618,21.197456586372834,27.326331782990145,Normal
547.8020168597684,2.9208803892385165,37.062993804436545,4.851653273520784,2.4008782733063736,4.728512334406529,Slow
619.2396631533,8.231110506510312,17.765026359061082,3.8544015843058737,29.091740224222992,27.799937945981217,Normal
164.04692354413197,3.540702587931931,30.028065211711684,1.8189545937152007,6.070858745208411,7.0747866630134455,Slow
478.8006749635421,13.586478210670823,24.800350441589636,3.9232288542256506,7.60644428007282,32.87004732292799,Fast
455.440565410245,16.780498113000494,22.182836502922484,2.114733454295224,6.009016389321604,45.387788286109604,Fast
709.9375636850165,8.160221846766866,36.82750122171695,2.861172354969503,29.744968785827428,13.294774137901324,Slow
352.8848413099103,8.062755102713947,25.85464248727467,4.439552642454181,8.597847613962116,18.710964825792505,Normal
518.7288470450492,11.250911520001257,41.98641346451903,2.792288411797629,18.158768234664507,16.077931775966906,Normal
141.47614964185254,5.086097813123778,23.761285086828853,2.1520262913609822,29.719024573309945,12.842986718617485,Slow
371.3422607775101,5.700782240718647,33.09201594900666,2.221964446456054,28.50203567286078,10.336237446826996,Slow
326.12544238074463,7.2671933823658685,28.181735947542375,1.308069066618693,1.2704948717068965,15.472134284189716,Normal
205.1398103493163,9.691088264626131,23.967825526989095,1.8780223185508227,15.635522064756659,24.260244018499126,Normal
671.436672673353,2.549097745748895,28.791051160821702,2.084424917218403,18.039140290687737,5.312270951505217,Slow
365.6123200852187,15.301910590973108,28.760139415401543,1.6918764507259065,21.071851846848173,31.92316359101933,Fast
785.1235190878551,12.00203691415583,34.825684645709174,1.2522628584005426,10.077279449574647,20.677905464755167,Normal
512.9941851074273,6.694183584919523,29.621667942264033,2.863156651888514,9.837258303924186,13.559365255124542,Slow
523.5393776808959,2.4733848746690534,21.313469957588495,1.8575845243913203,0.12852046825845398,6.962878066098544,Slow
546.5976065518325,15.500438076628143,29.183446054488744,3.955082044337936,1.0571010367800393,31.868281862985814,Fast
573.5151706689518,3.490500777535093,30.415641356129125,4.690111051211692,16.501715055570088,6.885603502485502,Slow
205.5516134178581,3.530926204643887,37.66770363104958,2.0919387988943616,2.2766130381403107,5.62432938184212,Slow
408.2194270317313,3.4830006703382566,22.74984794131857,3.2889931631061424,6.074436347084938,9.185997232128445,Slow
267.69477328066637,2.543983911203819,29.68536117386156,3.0269026593790582,9.998157486613394,5.1418958246204625,Slow
381.74880867278716,18.221454942604883,16.22497015815969,1.300434154948138,2.1141377548851192,67.38300815958472,Fast
167.69286575222193,6.115641693794419,28.791051160821702,1.4994975294856792,0.9257951996368596,12.744880330280816,Slow
777.479635734175,6.821801004930344,21.348136202874834,4.53911783160194,27.807613482395645,19.173011470701663,Normal
250.50282614911603,16.823091890039287,15.549123831331157,2.89660815133118,13.056258887360737,64.91590936901967,Fast
570.2356138278994,12.778545734524227,29.526265325802104,4.218439641224155,6.146533819206112,25.967142664719155,Normal
310.29405703534917,4.555724344273658,38.84547966930277,1.2663229790966142,21.25355404047503,7.036686455758359,Slow
711.8539183046531,9.261454835155188,17.804424414304997,3.37925254632103,0.2833602383516476,31.210629289585082,Fast
563.5503168369177,17.794526829720787,21.295715316892583,4.4612478170996255,7.350517429374883,50.13551289053573,Fast
192.131071065814,8.132106323369811,24.05380087157375,4.4682643869434155,28.822489171663197,20.284793326729883,Normal
691.5520246121871,14.50674951073414,20.96402682926397,1.022889717493646,26.930705187749094,41.51897809198747,Fast
761.4637198014857,2.8393464678928932,33.035423106676674,3.0868804179959017,19.077757512153227,5.156912551822065,Slow
732.7417517371488,14.819170758032334,23.541060439644113,2.4760189971270252,2.796083141069671,37.77018659637671,Fast
498.8034035014941,15.752996957239684,24.227882108318383,4.040168116396197,9.54152535791435,39.01206936737833,Fast
201.82196763264884,16.68956885234052,34.66644318945849,1.292875987251275,0.8379765047308207,28.885978456680352,Normal
234.72444647783266,13.809818818269013,23.955882952250526,2.0597062486997393,6.57573013453484,34.58812729832191,Fast
749.5339793211671,8.043923101698798,33.46224078224578,4.250571141288672,0.7630237074900104,14.423283522542878,Normal
486.62854136708467,2.220028003155969,22.228918624943653,2.87822489014736,3.784910369031862,5.9922699091573906,Slow
226.38674891423813,10.856748447145604,20.302891886277685,2.861172354969503,18.99643623511227,32.08434101296711,Fast
718.839825937529,15.39173822126184,15.316405686472619,4.874234592310744,3.013285327738404,60.29510527338312,Fast
549.1001936557366,4.6259258663038665,44.88962229529383,2.861172354969503,4.672892272440236,6.183067216569798,Slow
498.7859921316656,6.058507305645928,27.437927742952027,1.1668882345814788,27.084239491140988,13.248465472474702,Slow
363.4014852909441,11.18628080520807,31.951466943587434,2.568803336236828,10.063572705921608,21.006135633693884,Normal
387.66869750999086,15.218299695060466,29.751603928153607,1.6134942462785227,9.989907735888744,30.690714487482595,Fast
267.6424488772914,18.03514788442441,31.2796940560581,1.327567424790733,2.5961841120018745,34.594611799148566,Fast
126.64010068386736,3.3890888331492146,30.39749183499498,3.271441427124864,23.877915658414494,6.6895430416680774,Slow
713.3531656764897,4.501134044463435,45.26573631362159,4.814302464233601,20.291317213698424,5.966279677782153,Slow
427.4111517698673,16.191202456374715,21.688587272342822,3.3176302971055147,16.413984010807916,44.791859201511905,Fast
483.3446394496147,13.245910837446019,17.540303151214584,3.588458190228745,18.537385256533558,45.31020036513611,Fast
325.5143168461576,14.69848304438957,21.90432265212516,2.294515446556888,3.01142077211776,40.26186961676312,Fast
625.9274438984495,19.93865213559496,19.32232792193163,3.284491427814235,7.809182004901043,61.91381975138857,Fast
117.63780956123225,18.84441921512674,35.97569641985554,4.0089780545660645,17.509245475974435,31.428582777443413,Fast
360.52969079564275,17.017476269990137,36.563025676302054,3.3571394214071817,28.566958152688006,27.925713403450366,Normal
121.24520606887813,15.765200372010458,22.309475638797387,4.211113496749956,24.513958262351125,42.39956320065342,Fast
186.02447154350654,8.5053650889223,28.791051160821702,3.201882721826816,19.221790758314235,17.725018183072596,Normal
777.0037647781573,13.183353101586487,27.16162677487124,1.7925762258841242,15.56455736471406,29.122010719438546,Normal
560.4325110269601,4.504467206485,41.128991023011146,3.330905016939177,0.4539653021286638,6.571229336452442,Slow
399.7541724726369,15.430394840335312,7.4434446576134725,2.9637433884433335,26.721488026361673,124.38108066984105,Fast
466.6180755373362,15.396122625849387,34.213014152126995,1.6637421298599704,2.0056228617171987,27.000466940546758,Normal
710.966445995342,14.704609059059662,21.393958180411317,3.4766634046419167,3.872431526936561,41.239518938174214,Fast
340.9474668972183,9.451181464108801,38.32293717233019,4.267842169741728,20.792152153153477,14.797166649741108,Normal
513.2036876028003,8.1854262470256,21.376608472985986,1.5403507739111588,24.36431942837662,22.974906213124523,Normal
578.5790613376805,8.975647715028884,27.716673382273274,3.179783446552023,23.596519916028612,19.430140676484136,Normal
348.78964391645843,1.633445467113685,17.949767194883492,3.934748531173086,13.57212360899977,5.460055663271082,Slow
463.36894054719306,17.042082211818368,28.791051160821702,2.612070384730132,5.311673330009413,35.515373405349436,Fast
635.6731682949658,11.305027673540657,41.08671330436894,2.0801849648469646,1.059066497397162,16.50902702748707,Normal
736.4255197933851,8.362854141032894,36.56462948712047,2.4891216426804412,25.541388305543823,13.722858825595855,Normal
205.74359465377086,11.412546597054739,26.786654782794596,3.166794075348438,29.330923892456028,25.56320680487172,Normal
753.3935746152,14.711164151873582,23.038621038365953,2.861172354969503,7.324065143517643,38.312616351582626,Fast
103.6252060708025,8.247756518569519,14.849542907905487,3.2367008870230674,25.98228982827201,33.32529453487208,Fast
627.0842525184278,16.782172794827844,26.850746304792125,1.428100139970672,12.075927508876141,37.501019757873955,Fast
667.3687812220716,18.469803579802353,29.752773979309616,4.271545572979066,9.34031279925772,37.2465510462583,Fast
195.73483607980705,8.361213648902243,29.32756513732413,4.6954388568872485,15.154630113550583,17.105846209362735,Normal
393.2325556392296,3.618506932648691,29.24966457619064,1.4051713697672894,0.2450454516439149,7.422663442631419,Slow
670.6793945965319,15.447092623813463,21.02552298218459,1.9980778483525152,13.28143407626656,44.08097521351209,Fast
109.98983277922743,19.866028316223517,29.469808917075056,1.6947247532396514,5.986649057483882,40.44687572720495,Fast
539.9233635064036,3.811774826479229,29.690612963719154,4.396620659719907,21.373715807405304,7.702989826051241,Slow
655.1165606686238,14.540837845167832,40.324496302425416,4.641114894471352,15.077141390869757,21.635738836435117,Normal
459.10250797554596,16.681144605700766,44.933867634818895,1.1770950171201555,26.065578897962393,22.27426057503407,Normal
608.094594385761,18.490866954930862,28.904087784657666,2.329677655858509,26.89944572662345,38.38391391423709,Fast
258.49643788800086,3.344246871273912,23.869552390592908,1.7699784521937292,9.502767892502547,8.406308128153826,Slow
238.964803594871,2.74438834988058,29.480142961904292,2.8781308275573365,8.411514170912387,5.5855665695251515,Slow
354.1888653852461,19.76956005508414,25.139029797964504,4.6863617091424015,28.173911512374165,47.18454183944252,Fast
225.58421929700256,3.218373216930178,24.060529474030005,1.2806929666011722,15.119926778874847,8.025691754798574,Slow
342.2430073787349,4.359343623601025,29.53079878462286,1.685116451966226,2.8954657897193528,8.85721443987015,Slow
763.6868429875703,11.924105742751362,21.65356455078148,2.948117125925486,1.3765539312584574,33.040580588347574,Fast
501.33290232778467,9.479187689503059,34.84885400924014,3.096138779051234,29.712765724862123,16.320515481495594,Normal
338.04764719458785,15.257451635228826,29.168675606527383,3.982005131976788,17.37490887083399,31.38459594335748,Fast
290.0672338661497,4.620587715004154,32.00006645487962,2.750744154190115,1.634789195815215,8.663583973838097,Slow
766.4276434952656,18.37412746963847,28.536479712234627,1.5645470057581212,15.337663451134024,38.632923867818526,Fast
411.1347467529793,5.126702079846726,24.1819644219807,2.4144474872201984,15.123135089741893,12.720311692759015,Slow
786.2763256164126,15.613108813546155,22.416323522009186,4.928372473072792,13.06163525440123,41.790373336332216,Fast
460.86586837438966,2.2844669802071524,28.101791965403674,4.002888586150892,28.538411955271194,4.877554391590921,Slow
464.8162903183568,9.994649167386141,25.609917300577504,2.861172354969503,28.46316092201515,23.415887798655472,Normal
727.5783666012005,1.6186082062586666,31.871210665676607,4.23283671535596,3.749030348213892,3.0471541666319153,Slow
619.9371927505277,6.962403421544956,29.964546374418884,2.243705855925934,4.5516210630217095,13.941282476724925,Normal
506.4570046969758,6.932382809325552,19.101546016618165,4.125585928445425,12.224658173414513,21.775356204030118,Normal
398.6546526853808,14.675220343632935,30.536970395426813,1.0508857967800025,25.02079413519703,28.834334553038726,Normal
714.7315015927963,9.645332179895597,19.25711666287394,4.485080616067011,18.71257785400062,30.052262803675998,Normal
388.15230493482187,2.0787128854654187,25.068178995845756,1.6492412952210707,21.894903836984163,4.975342371242598,Slow
745.9317033179273,19.91187152915094,27.64517112625722,2.823002382630811,17.2817514711562,43.21594850300368,Fast
148.10074648530306,17.885286827458323,13.397813776709512,3.6470223931633776,6.301708091874034,80.09644166819102,Fast
400.9978033308141,18.410154764494656,30.732059582879852,3.0314782729785064,24.53296286342833,35.943223489161554,Fast
463.6603739145013,5.684935071399137,31.20786679771468,1.6615910702295826,0.42062946186298356,10.929811591894078,Slow
765.6567369072949,8.48809483977439,28.735806452602617,1.5564740528342402,20.95452773686948,17.723034543209668,Normal
275.6994726653307,5.316410517353714,26.605461820227248,2.1381375716958524,5.8301884726885165,11.989441611523144,Slow
664.2274030834761,3.3732212613756483,27.01117071913488,1.2095670280708335,14.13274439501156,7.4929471879262985,Slow
573.5298399990154,1.6274545686489779,22.187684251111545,1.8661790684401547,29.253996162362313,4.400967357106986,Slow
601.9601329967861,10.563392511741732,27.842397042169505,1.520420065101018,16.171075725455015,22.763972144516092,Normal
540.7355279881425,3.3395394652614043,25.579105571881104,2.859188058050492,1.7084646335671727,7.833439185455801,Slow
780.0924959231061,4.349783055994416,30.73348314149919,2.426039717370697,12.863394895516116,8.491942880605558,Slow
332.8770214479274,17.3490379286948,20.366911283641144,3.347328994801885,19.80801317495765,51.10948151268182,Fast
378.7928917755594,10.200612604044695,31.884719272089153,2.1235154585293525,1.7012007720576283,19.195300137970438,Normal
242.03822654946134,4.490366899384737,31.145751147821358,1.135644194094127,7.579611795036293,8.650361735839217,Slow
135.49283869058937,13.727426636528932,28.86749734257021,2.3244406462267286,0.5500841377838261,28.531936399527275,Normal
249.03573648273743,6.05143267620157,28.791051160821702,4.020722816518629,16.2020475377936,12.611069965593146,Slow
740.8250779867358,11.011806800951087,34.4187191397609,2.0233526404688496,11.44432737536581,19.19619394824624,Normal
688.1181720108727,6.376104489384544,16.683186345649084,2.618193733705826,15.110700499839865,22.931247151288016,Normal
178.68401904480527,10.807062562707934,33.68362670516096,4.019897521871593,8.875104475283749,19.25041384166407,Normal
522.6453177218057,12.942138224233883,31.944299729522978,2.6267251361773334,19.704210412617062,24.308821919059447,Normal
435.43754642273734,11.187953511284089,32.267010340276926,4.548496527797813,5.192584662643467,20.803824203047757,Normal
516.2794093417949,8.516478038603111,33.066500739461404,4.672274023794104,27.199560717074746,15.453364307955793,Normal
561.4925046263443,16.025462176640055,24.770844747257197,2.861172354969503,28.802443653656383,38.81691320619457,Fast
314.66164362221036,17.595311533768005,27.924319533588516,3.943854612354439,14.789809717102761,37.80642499654176,Fast
772.9455913155199,4.4080540100759205,35.09646664973079,2.0124679314862473,13.961703777744622,7.535893662577111,Slow
426.0880245427874,3.589865771542579,33.44511395266488,1.5580934821131764,25.788501175054886,6.440161830436593,Slow
539.6705984054348,3.1506411748588112,31.65370212354119,2.7515241652460007,8.69513392733018,5.9720809197524725,Slow
544.6583287297992,19.61233787851803,17.88543803904298,3.409889716003265,24.09317041220781,65.79320395409489,Fast
228.72257755678382,18.890234754262437,34.303096919065666,4.742363568204128,8.619228277227167,33.04115916792908,Fast
143.3057927094619,5.382676463720945,39.355767935944854,1.583606076130439,21.598943835719258,8.206181832073634,Slow
388.06177644858246,19.428243898061254,38.07737194434286,3.849450701305873,10.020340254774961,30.6138416166839,Fast
634.8210619069281,4.948535675344676,31.871024390152844,2.9018580194782597,18.078050137702746,9.316052627803742,Slow
670.6552518042402,10.623044307574485,17.538571171166446,1.5268371904750735,27.776047388653694,36.341766511877054,Fast
610.9924743014456,10.45031584017079,37.54035851382416,4.890632189198941,1.6297435615726141,16.702529630327025,Normal
179.24346676765612,18.384162152037963,28.82196290624186,3.78307579382926,24.21763882928271,38.27115220120537,Fast
739.3484030717318,1.7700483380007537,9.739842815464275,1.5154347030550452,16.255367072484876,10.90396449842325,Slow
661.4256045980986,6.991665474253247,33.01765922485763,4.623021674490978,11.372028911679777,12.70532007124753,Slow
714.3839566546735,12.399519270848822,18.06262573536371,1.4123766422089385,10.508263713742714,41.18842781502989,Fast
466.3129070826241,2.2615661515623007,19.628475358439495,1.370636938799453,2.0823606976622955,6.913118141669359,Slow
740.9448045705127,5.494460951714413,28.791051160821702,2.326203982177635,7.751360923520086,11.45035154365847,Slow
132.65656656772103,9.83620562785327,40.18072942306307,2.861172354969503,18.694110743857127,14.687944846826177,Normal
121.20218375212139,17.736283510515328,27.033237166572857,1.1320979259164181,2.92769878218464,39.3655041781972,Fast
114.15090134930281,15.458230911497967,32.167932701893726,4.672828964320809,20.082220211017606,28.832871023610306,Normal
276.9380745667195,16.750628921673087,43.98374371001785,3.446446314780506,28.86760017412027,22.85020897553737,Normal
273.998841246288,15.460325678056936,42.752238101246334,1.2682065524810322,29.42328310644573,21.69756676800445,Normal
231.2523340491766,14.446694744945876,29.17317267338108,3.2743669017140435,26.67723652303472,29.712287189375928,Normal
496.93907286977696,17.14417351028249,28.06783182351591,2.8351628900730956,24.19832562779506,36.64873072793321,Fast
127.29008872313176,13.948057123997087,19.913034927283597,3.255938195472056,5.338599335924178,42.026915058195364,Fast
513.2715074843962,14.977978126958421,24.44433540654727,3.9488141643186885,29.104678611047824,36.76429212212493,Fast
216.20780713305192,6.73124555229207,33.40286678090216,3.7144763887362506,6.081696078874989,12.091020084792142,Slow
574.5115959971166,4.185173735076091,33.165846094477175,4.988910192268792,26.071492715023215,7.57135588789881,Slow
114.75274811072376,15.37397460395998,30.881905849391675,1.6266762545354987,26.33621004834118,29.869868807198937,Normal
317.39913793723645,4.1509086196045635,37.958413260511406,4.251421675010933,18.65724947814205,6.561246790454442,Slow
756.8389008052297,18.469661178879413,23.821055895734553,2.6443719476182923,15.639201968737774,46.52101382840875,Fast
476.87746591407125,12.336213909766306,29.55138783853228,4.133230084241637,6.012755590067415,25.046973720160153,Normal
